[
    {
        "username": "UsuarioAdministrador",
        "email": "admin@localhost.local",
        "password": "2b604ce7dc5a4599ee8d19aa426c6adf",
        "rol": "Administrador",
        "DNI": "123456789E",
        "telefono": "123456789",
        "skills": [
            "planificaci\u00f3n",
            "comunicaci\u00f3n"
        ],
        "despacho": "B2"
    },
    {
        "username": "UsuarioGestordeProyectos",
        "email": "gestor@localhost.local",
        "password": "2b604ce7dc5a4599ee8d19aa426c6adf",
        "rol": "Gestor_de_proyectos",
        "DNI": "987654321S",
        "telefono": "987654321",
        "skills": [
            "planificaci\u00f3n",
            "comunicaci\u00f3n"
        ],
        "despacho": "B2"
    },
    {
        "username": "UsuarioParticipante",
        "email": "participante@localhost.local",
        "password": "2b604ce7dc5a4599ee8d19aa426c6adf",
        "rol": "Participante",
        "DNI": "456789123U",
        "telefono": "456789123",
        "skills": [
            "planificaci\u00f3n",
            "comunicaci\u00f3n"
        ],
        "despacho": "B2"
    },
    {
        "username": "Alejandro",
        "email": "aa@localhost.local",
        "password": "2b604ce7dc5a4599ee8d19aa426c6adf",
        "rol": "Participante",
        "DNI": "12429038E",
        "telefono": "674261018",
        "skills": "Teamwork,Paciencia",
        "despacho": "A4"
    }
]